word	as_left	as_right
su	1723	3
tva	1	1246
vat	1	1136
mahā	912	3
sa	897	5
deva	409	229
rāja	340	243
vi	540	5
sarva	471	4
ja	1	461
dur	453	1
kara	122	331
tri	433	2
maya	9	421
go	392	8
dharma	295	104
kṛta	169	222
pati	33	358
kāla	232	149
mukha	113	258
phala	128	236
prati	355	6
brahma	356	4
śrī	258	80
pañca	329	3
eka	321	3
bahu	316	3
śata	276	43
bhāva	94	213
mat	15	291
jala	250	53
sāra	78	223
candra	173	122
bhūta	128	165
kāma	160	132
puṣpa	129	163
kāra	4	284
pūrva	218	61
rasa	156	120
vana	188	88
yajña	178	97
soma	245	29
yoga	155	118
viśva	268	4
priya	123	146
karṇa	134	133
sva	252	15
ratna	135	126
pura	38	222
loka	152	107
ratha	126	131
putra	71	185
vrata	79	177
pattra	67	188
bhū	139	113
kṛṣṇa	226	26
madhu	243	9
gṛha	118	132
pada	90	160
rūpa	78	172
kṛt	2	245
hari	225	15
rāma	191	45
śiva	217	14
sūtra	57	173
mūla	97	132
maṇi	127	99
agni	215	10
pāda	110	115
para	169	55
cakra	117	104
mantra	131	89
garbha	112	103
gandha	135	74
guṇa	122	86
karaṇa	22	185
sahasra	184	23
vīra	159	48
rakta	182	23
aśva	183	21
siṃha	108	96
varṇa	100	102
strī	161	40
sapta	196	4
stha	2	197
saha	172	25
bhūmi	96	100
sukha	158	37
sama	139	55
veda	156	38
giri	97	95
kula	142	50
graha	59	132
vidyā	102	87
sthāna	32	156
pāla	4	183
śabda	130	57
daṇḍa	99	87
satya	172	14
citra	162	23
hasta	81	103
laghu	181	1
sūrya	164	18
bhadra	123	58
gata	54	126
śveta	170	8
artha	153	23
dhara	3	173
nātha	11	165
viṣṇu	164	12
vajra	152	23
vṛkṣa	71	104
vṛtti	32	142
bala	72	100
indra	170	2
datta	17	154
jāta	62	109
mitra	81	89
tīrtha	39	129
vara	95	73
puruṣa	77	90
smṛti	97	70
mṛga	121	45
nāga	135	30
vāda	31	133
kalpa	40	123
śāstra	63	100
bīja	65	97
da	1	161
dīrgha	156	6
dāna	56	104
tantra	22	138
tara	7	152
guru	96	62
prā	152	6
ardha	152	5
vāta	115	41
sena	4	151
danta	92	62
daśa	136	18
vidhi	49	105
vasu	115	38
vṛtta	74	79
bhṛt	1	150
bāhu	75	75
lakṣaṇa	23	127
rudra	132	17
viṣa	118	31
jana	55	93
ga	1	146
grāma	92	54
yoni	38	108
buddhi	64	80
sura	137	7
khaṇḍa	44	99
latā	43	100
śakti	73	70
hṛdaya	71	71
paśu	98	44
bhava	58	82
karma	134	6
sad	85	55
ātma	137	3
padma	111	28
dhana	89	49
jñāna	74	64
mati	36	102
nīla	124	14
tama	3	135
kriyā	47	90
siddha	102	35
pakṣa	52	84
bāla	124	11
mālā	27	108
suta	25	109
vṛddha	98	36
mārga	42	91
nyāya	121	12
pa	2	131
pātra	27	106
keśa	74	58
pitṛ	112	20
bhāga	27	104
jīva	104	27
nava	127	4
svara	76	55
deśa	29	101
varṣa	68	62
dhātu	79	50
gaṇa	58	70
megha	107	20
śīla	40	86
hiraṇya	121	4
mātṛ	72	53
prayoga	45	80
brāhmaṇa	72	52
patha	3	121
vaṃśa	79	45
pāṇi	55	68
cara	12	109
kośa	33	88
tṛṇa	89	32
ketu	17	103
gati	6	113
hara	45	73
parṇa	48	70
prāṇa	115	3
vāri	90	28
śānti	79	39
bandha	16	101
hema	115	2
kṣīra	94	23
maṇḍala	18	99
pṛṣṭha	44	73
kāka	100	16
netra	41	75
vāyu	99	16
druma	17	97
dāsa	22	92
kūṭa	47	67
mātra	5	109
citta	54	59
māna	64	49
suvarṇa	107	6
jña	4	108
kārya	46	66
madhya	67	45
vṛṣa	88	24
liṅga	55	56
saṃhitā	18	93
kṣetra	49	61
jit	1	108
kaṇṭha	48	61
mano	108	1
māṃsa	76	33
śrāddha	79	30
jaya	85	23
purāṇa	27	81
vīrya	34	74
śruti	71	37
darśana	11	96
tāla	42	65
yama	92	15
hīna	43	63
vijaya	62	44
sthūla	100	5
dvāra	41	63
gupta	21	83
pāpa	91	13
krama	48	55
manas	14	89
roga	38	65
saṃgraha	13	90
vallī	7	96
bandhu	32	70
devī	54	48
kṣudra	100	2
uttara	92	10
vākya	55	46
yantra	46	55
dhvaja	16	84
ghana	64	36
ghṛta	84	16
hasti	95	5
nara	79	21
pīta	76	24
bheda	19	80
śaila	60	39
gaja	82	16
kāṇḍa	37	60
samudra	74	23
siddhi	38	59
śarīra	61	36
śatru	56	41
haṃsa	81	14
rāga	43	52
saṃdhi	47	48
dīpikā	7	87
kanda	18	76
maṅgala	63	31
praśna	60	34
vacana	24	70
śālā	18	76
homa	31	62
pāka	33	60
śaṅkha	81	12
loha	63	29
mañjarī	7	85
nagara	31	61
puṇya	79	13
sita	88	4
svarṇa	89	3
taru	32	60
yukta	23	69
śara	67	25
śiras	6	86
bhaṭṭa	29	62
deha	53	38
lakṣmī	74	17
sarpa	73	18
sindhu	59	32
vāhana	6	85
vāsa	17	74
śeṣa	41	49
śṛṅga	24	66
baddha	56	33
dhānya	48	41
nṛ	88	1
piṇḍa	51	38
siddhānta	85	4
stotra	11	78
jāti	39	49
kṛtya	22	66
vardhana	3	85
vilāsa	26	62
bhakti	63	24
nakṣatra	69	18
sāgara	37	50
akṣa	69	17
dṛṣṭi	34	52
hata	62	24
kartṛ	12	74
rahasya	20	66
bhaṅga	7	78
mada	50	35
samāna	82	3
agra	69	15
parvata	25	59
vallabha	18	66
raṅga	55	28
sāma	77	6
śilā	56	27
śāka	46	37
devatā	26	56
dravya	45	37
dṛḍha	79	3
kāṣṭha	48	34
pṛthu	81	1
śva	76	6
śīta	73	9
nāma	67	14
pūrṇa	60	21
rājya	44	37
skandha	28	53
tala	26	55
śastra	62	19
nārāyaṇa	49	31
saṃskāra	44	36
sthala	39	41
viveka	35	45
śruta	59	21
ambu	78	1
bhakta	36	43
bhinna	60	19
dina	38	41
pāta	2	77
tanu	50	29
hima	73	5
pūjā	19	59
rātri	57	21
sneha	46	32
vedānta	77	1
bali	46	31
vahni	69	8
vāha	7	70
bhūri	75	1
vastra	43	33
aṅga	58	17
bhaya	42	33
khara	70	5
raṇa	66	9
vatsa	46	29
viṣaya	31	44
anna	63	11
bhartṛ	37	37
dhī	18	56
kanyā	40	34
vāra	27	47
bhāṣya	19	54
cāru	68	5
mala	43	30
manda	64	9
tāmra	66	7
vyavahāra	49	24
ādi	61	12
śukla	58	15
doṣa	31	41
dīpa	30	42
kavi	43	29
nadī	38	34
yuddha	46	26
śuddha	62	10
candrikā	3	68
duḥkha	53	18
dāru	35	36
jā	2	69
kha	64	7
kīrti	21	50
lavaṇa	29	42
madana	66	5
mūrti	19	52
pramāṇa	46	25
pāra	54	17
rāśi	15	56
śubha	67	4
daiva	60	10
granthi	20	50
kaumudī	12	58
kumbha	36	34
kumāra	40	30
miśra	22	48
nitya	63	7
sambhava	2	68
stuti	21	49
śīrṣa	26	44
dvīpa	12	57
gaṅgā	41	28
kṣaya	20	49
locana	9	60
pāśa	16	53
rati	57	12
sādhu	65	4
anya	64	4
kaṇṭaka	13	55
kratu	36	32
nayana	21	47
vaidya	59	9
vaktra	20	48
aṣṭa	66	1
kṣiti	55	12
sādhana	17	50
vāja	51	16
vāstu	59	8
śakra	65	2
śuka	59	8
bhūṣaṇa	10	56
bṛhat	62	4
dala	20	46
kāraka	6	60
bhāra	27	38
carma	62	3
malla	33	32
mṛtyu	52	13
samaya	32	33
sthita	12	53
sudhā	57	8
vikrama	28	37
vāc	1	64
yāna	13	52
śaṃkara	55	10
śreṣṭha	17	48
śūla	35	30
bhojana	16	48
cira	61	3
jāla	26	38
muni	50	14
sattva	34	30
taila	36	28
toya	44	20
vega	20	44
yava	45	19
bhoga	37	26
bindu	29	34
mīmāṃsā	36	27
nakha	35	28
prakṛti	35	28
sthira	58	5
anta	39	23
arka	58	4
harṣa	48	14
kṣāra	35	27
muhūrta	48	14
māsa	31	31
mṛta	52	10
nandana	5	57
prathama	53	9
pāna	26	36
tejas	10	52
vakra	52	10
śuddhi	33	29
bhūti	30	31
caraṇa	23	38
lohita	49	12
matsya	43	18
mādhava	36	25
nyāsa	19	42
ruci	21	40
vadha	15	46
bhuja	30	30
bhīma	55	5
kuṇḍa	25	35
mṛdu	58	2
nīti	45	15
śikṣā	22	38
bandhana	7	52
bodha	18	41
grahaṇa	5	54
haya	43	16
hāra	14	45
jvara	11	48
krīḍā	36	23
kusuma	38	21
kāya	17	42
ravi	57	2
uda	56	3
śukra	51	8
buddha	47	11
dūra	53	5
parama	54	4
vadana	11	47
yuga	28	30
ṛtu	54	4
dhāra	3	54
grantha	10	47
mahī	53	4
mokṣa	38	19
nābhi	23	34
raśmi	18	39
vidhāna	15	42
āditya	56	1
ārya	56	1
ṛṣi	43	14
bhānu	29	27
grīva	3	53
hita	23	33
jyeṣṭha	35	21
kathā	22	34
manuṣya	51	5
patnī	10	46
paṭṭa	26	30
tila	48	8
viśeṣa	38	18
śṛṅgāra	53	3
dhūma	34	21
janma	54	1
saṃvatsara	41	14
smara	52	3
sparśa	28	27
tīkṣṇa	48	7
vastu	32	23
vraṇa	29	26
śākhā	26	29
amara	51	3
dhārā	28	26
ghoṣa	11	43
jyotis	1	53
kanaka	53	1
māyā	45	9
nī	39	15
svapna	42	12
svarga	48	6
uru	53	1
vivāha	37	17
asthi	51	2
caṇḍa	47	6
dakṣiṇa	26	27
kala	35	18
kamala	32	21
prīti	37	16
sūkṣma	46	7
tulya	34	19
ānanda	46	7
bhairava	23	29
bāṇa	33	19
carita	4	48
dyu	50	2
kapi	47	5
mukta	33	19
muṣṭi	27	25
varga	11	41
vṛddhi	11	41
śāla	29	23
durga	32	19
ghāta	7	44
jina	48	3
kṛmi	45	6
nāḍī	34	17
paṭa	17	34
pratiṣṭhā	29	22
sundara	28	23
śuci	45	6
bha	22	28
dhvani	15	35
dviṣ	3	47
kāvya	27	23
puṭa	8	42
tantu	29	21
udaka	46	4
vaha	2	48
vyāghra	41	9
vyāsa	43	7
śūra	30	20
bhakṣa	9	40
dadhi	48	1
dru	14	35
dvādaśa	47	2
kaṭu	44	5
kānta	8	41
nāśana	1	48
ripu	21	28
sabhā	36	13
śāli	31	18
araṇya	47	1
gamana	1	47
kavaca	5	43
kārikā	1	47
kṛti	6	42
rāṣṭra	26	22
salila	33	15
vicāra	17	31
śataka	2	46
dṛṣṭa	28	19
gaṇḍa	29	18
kalyāṇa	38	9
kalā	28	19
meru	37	10
mānasa	13	34
paṇḍita	21	26
prastha	4	43
pārśva	33	14
pāṇḍu	43	4
roma	42	5
sāman	2	45
vijñāna	35	12
viṣama	45	2
śoka	32	15
śūnya	25	22
darpaṇa	2	44
pad	10	36
paṅka	33	13
puccha	9	37
vadhū	15	31
vāla	25	21
vāma	40	6
vṛṣṭi	20	26
yaṣṭi	13	33
śravas	1	45
akṣara	29	16
bhāṇḍa	13	32
dugdha	25	20
kaṭa	28	17
kāraṇa	17	28
kīṭa	13	32
mata	10	35
mūtra	33	12
naya	36	9
purī	6	39
puṣkara	36	9
saṃdhyā	37	8
stana	40	5
surā	43	2
varāha	34	11
śāsana	13	32
ṛta	44	1
caryā	1	43
gātra	22	22
hetu	23	21
keli	29	15
kṛcchra	18	26
kṣatra	27	17
kṣema	36	8
lakṣa	34	10
līlā	36	8
pitta	28	16
pratyakṣa	41	3
snāna	19	25
vasanta	43	1
vaśa	18	26
vipra	38	6
śīghra	41	3
dhruva	39	4
gṛhīta	24	19
jātaka	9	34
lekhā	5	38
nanda	25	18
nāyaka	2	41
parva	34	9
rata	18	25
stambha	8	35
stoma	11	32
svādu	40	3
yātrā	12	31
śalya	24	19
dhenu	10	32
dhyāna	33	9
ghaṭa	22	20
kuru	39	3
lagna	25	17
loma	32	10
setu	21	21
sūnu	3	39
vaira	26	16
veṇu	37	5
vitta	25	17
ākāśa	40	2
apara	40	1
hṛt	18	23
prabhā	13	28
prasāda	18	23
prākṛta	40	1
pāṭha	8	33
pṛthivī	39	2
saras	2	39
sarasvatī	30	11
saṃsāra	40	1
sāmānya	36	5
varuṇa	38	3
vyūha	8	33
śiśu	35	6
bhuvana	30	10
candana	20	20
cit	8	32
cūrṇa	15	25
dyūta	29	11
kapāla	13	27
khaḍga	36	4
kim	38	2
madhura	34	6
mayūra	35	5
mudrā	13	27
nandi	33	7
pattrikā	1	39
prajā	36	4
pūta	18	22
pūti	39	1
samāsa	23	17
tanaya	2	38
vimala	34	6
vinaya	31	9
vraja	30	10
vyoma	38	2
yāma	22	18
śekhara	3	37
śikhā	24	16
ṣaṣṭi	28	12
amla	35	4
bhrū	23	16
dhṛta	31	8
gopa	23	16
koṭi	19	20
kuśa	32	7
kūpa	18	21
nemi	14	25
nṛpa	33	6
paṅkti	17	22
pālaka	1	38
pīṭha	18	21
rajju	18	21
rakṣā	21	18
senā	26	13
tarka	30	9
veśa	19	20
yaśas	8	31
śuṣka	37	2
ananta	37	1
bhāgavata	30	8
dvija	33	5
jyā	9	29
pavitra	16	22
rekhā	6	32
rājan	1	37
saṃkalpa	21	17
vaiṣṇava	35	3
vyādhi	20	18
yati	31	7
śyāma	29	9
bhrātṛ	22	15
dakṣiṇā	26	11
darbha	24	13
dhāraṇa	4	33
grāha	2	35
manaḥ	36	1
manyu	11	26
maru	36	1
māra	17	20
niśā	30	7
pañcaka	7	30
pāṃsu	34	3
reṇu	19	18
sevā	12	25
stava	6	31
śravaṇa	25	12
śūdra	35	2
ṣoḍaśa	36	1
bhavana	4	32
bhaṭa	6	30
dīdhiti	6	30
hṛd	31	5
kaṇa	15	21
kopa	16	20
muktā	29	7
māla	10	26
mātṛkā	16	20
pradhāna	20	16
prātar	34	2
rajas	7	29
saṅga	7	29
tikta	23	13
tilaka	6	30
velā	13	23
veṣa	7	29
vīṇā	23	13
śayana	10	26
śrotra	31	5
śānta	33	3
baka	26	9
bhīru	14	21
caritra	3	32
guḍa	26	9
indriya	27	8
kari	32	3
kālī	23	12
kṣaṇa	25	10
labdha	29	6
moha	20	15
vaṭa	14	21
vihāra	16	19
vārttika	12	23
yukti	18	17
īśvara	25	10
asi	32	2
bhagna	30	4
dakṣa	22	12
divasa	15	19
divā	33	1
dāha	11	23
dūta	10	24
gaura	23	11
gīta	15	19
gūḍha	27	7
madhyama	28	6
marma	33	1
mayūkha	5	29
mañju	33	1
māṣa	21	13
paryāya	18	16
sasya	20	14
sthalī	3	31
sthiti	11	23
svana	2	32
tanū	29	5
tārā	27	7
tūla	22	12
yakṣa	29	5
śaṅku	19	15
śrauta	31	3
bhājana	6	27
cāra	11	22
dīkṣā	22	11
gala	21	12
gharma	31	2
hrada	1	32
jita	19	14
kuṣṭha	18	15
lipi	14	19
lābha	6	27
mukti	24	9
nimitta	18	15
nāsā	26	7
piṣṭa	21	12
pratyaya	13	20
puṣpaka	1	32
rāmāyaṇa	25	8
skanda	25	8
surabhi	31	2
vayas	3	30
yūpa	20	13
śarkarā	7	26
śūka	16	17
ṛṇa	31	2
abhra	30	2
ari	31	1
bhoja	24	8
bhārata	18	14
bhāṣā	15	17
droṇa	26	6
dāra	13	19
jānu	11	21
jīvana	6	26
jīvita	18	14
kali	27	5
kāñcana	27	5
maha	14	18
medha	4	28
mūlaka	8	24
paṭu	17	15
piśāca	25	7
rohiṇī	19	13
tuṅga	17	15
tāra	21	11
viruddha	19	13
śayyā	11	21
śilpa	24	8
śloka	18	14
antara	19	12
bādha	22	9
bṛhaspati	28	3
cintā	15	16
cāpa	11	20
daivata	5	26
duṣṭa	23	8
gaurī	26	5
hantṛ	1	30
hrasva	26	5
lekha	12	19
mandira	2	29
meha	4	27
paṇya	22	9
phalaka	6	25
piṅgala	20	11
sahāya	6	25
sava	4	27
saṃketa	22	9
sāhitya	30	1
sārathi	2	29
uṣṇa	29	2
varcas	2	29
vedi	23	8
vibhāga	13	18
vṛka	28	3
śaiva	30	1
śaka	26	5
śava	30	1
śrama	20	11
adri	29	1
bharata	27	3
bhujaṃga	19	11
iṣu	28	2
jaṭā	21	9
jihvā	18	12
karṇī	2	28
muṇḍa	16	14
mīna	20	10
mūrdhan	1	29
nāda	6	24
nārī	16	14
rāhu	28	2
rūpaka	6	24
sattra	12	18
saṃkhyā	21	9
tithi	17	13
vighna	21	9
vyaya	15	15
vyākaraṇa	16	14
vīta	29	1
śaśa	28	2
astra	27	2
bhaga	23	6
bhāgya	15	14
bhṛtya	13	16
bāhya	18	11
caura	13	16
chinna	26	3
citi	7	22
cyuta	4	25
dhūmra	22	7
drava	12	17
dyuti	4	25
havya	19	10
krodha	16	13
kuṭī	11	18
lalita	18	11
lalitā	27	2
madhye	25	4
manu	25	4
marut	25	4
naṣṭa	27	2
paṭala	1	28
prāpta	26	3
randhra	5	24
supta	20	9
sāṃkhya	28	1
vinoda	6	23
vyākhyā	11	18
bila	10	18
cañcu	14	14
dagdha	12	16
dhūrta	17	11
dhṛti	9	19
dīpta	21	7
gava	1	27
gṛhya	11	17
harita	24	4
hotṛ	12	16
jagat	25	3
kapha	19	9
kukkuṭa	14	14
mātrā	17	11
prabhu	12	16
prabodha	15	13
pradāna	5	23
sampanna	9	19
samādhi	20	8
savana	17	11
snigdha	22	6
taṇḍula	8	20
ubhaya	27	1
uttama	26	2
vaiyākaraṇa	24	4
vikāra	5	23
vindhya	25	3
vāraṇa	11	17
śambhu	23	5
śyāmā	25	3
andha	25	2
chāyā	26	1
dik	26	1
dātṛ	5	22
hāsa	4	23
kaṇṭa	14	13
kesara	7	20
krūra	24	3
kṣata	17	10
mūḍha	18	9
rūpya	10	17
sambandha	9	18
srotas	3	24
sveda	10	17
sūci	17	10
tapas	7	20
tathā	26	1
vigraha	8	19
vivāda	20	7
viṃśati	14	13
yauvana	13	14
śiṣya	13	14
cikitsā	8	18
dīpaka	2	24
gambhīra	21	5
gulma	9	17
huta	12	14
koṇa	11	15
kuśala	11	15
kūla	11	15
matta	14	12
mukhya	10	16
māruta	8	18
prajñā	24	2
prasava	12	14
prasaṅga	9	17
sakhi	10	16
saṃgha	18	8
saṃjña	1	25
tapta	19	7
tulā	22	4
tyāga	3	23
vala	9	17
vyāla	24	2
vādya	6	20
yāga	8	18
ācāra	14	12
śamī	20	6
śikhara	6	20
śiṣṭa	10	16
ṣaṣṭhī	14	12
bhraṣṭa	9	16
bhṛta	2	23
daitya	19	6
dat	1	24
daśā	10	15
gandharva	20	5
ghaṇṭā	16	9
hanu	9	16
kakṣa	8	17
kapota	20	5
karpūra	19	6
kaṃsa	20	5
kola	15	10
kīla	2	23
lamba	17	8
madya	20	5
mahat	13	12
mantha	9	16
maraṇa	10	15
maṇḍa	10	15
nau	20	5
nṛtya	8	17
plava	7	18
pota	12	13
prakāra	3	22
pravara	20	5
prema	24	1
pīḍā	8	17
sphuṭa	23	2
sundarī	11	14
sādhya	12	13
sūta	17	8
taraṃgiṇī	2	23
udara	23	2
uṣṭra	22	3
virodha	13	12
yūtha	15	10
āśā	22	3
śākya	24	1
aṃśa	14	10
aṅka	22	2
bhavānī	21	3
bheṣaja	10	14
bimba	8	16
budha	20	4
bāṣpa	19	5
divi	20	4
durgā	20	4
dvaṃdva	16	8
dvitīya	13	11
dāman	1	23
dīkṣita	9	15
dūrvā	10	14
ghora	19	5
haraṇa	2	22
kalaśa	6	18
kaṣāya	13	11
kroḍa	15	9
kṣama	3	21
kṣīṇa	21	3
lakṣya	14	10
nala	21	3
nidhana	1	23
nāla	2	22
nāśa	2	22
pallava	6	18
pavana	16	8
pādapa	3	21
ramaṇa	2	22
rañjana	5	19
rukma	22	2
rāghava	14	10
saptamī	4	20
saura	23	1
saṃśaya	15	9
vasiṣṭha	21	3
vasti	14	10
vināyaka	20	4
viśuddha	21	3
vāmana	21	3
vṛtra	23	1
yoṣit	4	20
śmaśāna	22	2
śoṇa	20	4
śoṇita	15	9
bhauma	12	11
bilva	17	6
bodhi	18	5
bāndhava	3	20
chattra	21	2
dhīra	17	6
dvādaśī	3	20
dāya	10	13
guhya	17	6
gupti	4	19
ha	2	21
iṣṭa	20	3
kautuka	11	12
khaṇḍana	4	19
kiraṇa	4	19
kuñjara	8	15
loṣṭa	16	7
maṇḍana	4	19
nīca	20	3
pakva	10	13
patana	2	21
pāṣāṇa	16	7
rakṣa	5	18
retas	2	21
rūḍha	18	5
sarga	8	15
saṃgrāma	22	1
saṃjñā	15	8
sphoṭa	10	13
trāṇa	3	20
vacas	2	21
vasana	5	18
viśiṣṭa	18	5
vrīhi	17	6
vyakta	20	3
vāsara	5	18
āgama	14	9
śukti	13	10
śāta	22	1
akṣi	21	1
aruṇa	21	1
bhā	14	8
cala	17	5
dvaya	5	17
dīna	19	3
gama	1	21
gir	5	17
gola	5	17
iti	20	2
janaka	11	11
jantu	13	9
jīrṇa	20	2
kadamba	9	13
kaustubha	5	17
kaṅka	20	2
khadira	16	6
kṣura	18	4
lakṣmaṇa	15	7
lola	12	10
makha	14	8
mugdha	21	1
māya	2	20
naṭa	17	5
nāsika	5	17
payas	13	9
paṇa	10	12
pratimā	13	9
prāsāda	16	6
purīṣa	11	11
pṛśni	19	3
rūkṣa	19	3
sampad	4	18
samīpa	18	4
saptati	5	17
sūcī	18	4
taṭa	4	18
tuṇḍa	1	21
tīvra	20	2
valka	9	13
vimāna	18	4
viśvāsa	20	2
viśāla	17	5
śmaśru	11	11
śroṇi	14	8
ṛkṣa	18	4
ahar	20	1
aṅgāra	20	1
babhru	13	8
badarī	16	5
cūḍā	14	7
darpa	10	11
gaṇita	9	12
gṛdhra	19	2
hala	17	4
kalaha	7	14
kapila	20	1
kedāra	15	6
keśava	12	9
kukṣi	8	13
kutūhala	3	18
madra	19	2
makara	18	3
mallikā	6	15
muñja	18	3
mānuṣa	9	12
mūrdha	17	4
naraka	14	7
nāsikā	8	13
nāṭaka	8	13
prāya	8	13
pūruṣa	2	19
rāya	9	12
sadṛśa	9	12
sani	2	19
sapatna	19	2
saṃdeha	12	9
saṃghāta	8	13
saṃkrānti	11	10
saṃtāna	14	7
stamba	14	7
sthālī	10	11
sādhāraṇa	16	5
ukta	11	10
veṇī	13	8
vihita	8	13
vāsudeva	19	2
vṛṣabha	14	7
ārdra	20	1
īśa	7	14
śama	16	5
śila	9	12
bhās	8	12
bhīta	8	12
campaka	10	10
campū	3	17
caṇḍī	17	3
cetana	3	17
darśa	7	13
dhauta	11	9
dhūpa	9	11
dyumna	5	15
gāyatrī	11	9
hāsya	14	6
japa	5	15
jaṅghā	12	8
kāca	17	3
kṛtsna	9	11
makaranda	10	10
mita	18	2
mohana	9	11
praṇaya	15	5
pāyin	1	19
pūga	11	9
rahita	3	17
rāji	5	15
saṃkṣepa	15	5
sūri	3	17
timira	10	10
ucca	19	1
udaya	19	1
uktha	17	3
vedha	4	16
vetra	19	1
vigata	19	1
vyasana	10	10
vyāpti	12	8
vācya	11	9
vār	17	3
vārttā	12	8
vāṭa	3	17
yojana	7	13
yuta	1	19
śakuna	14	6
śapha	5	15
śaṇa	19	1
śārdūla	11	9
ṛṣabha	15	5
antya	17	2
aṅguli	16	3
bhikṣā	14	5
bhūya	2	17
bṛhatī	7	12
cihna	4	15
dahana	9	10
dara	9	10
dhanva	12	7
dharaṇī	18	1
dundubhi	7	12
dāsī	11	8
dūṣaṇa	1	18
garga	15	4
geha	5	14
guda	13	6
horā	14	5
hāni	2	17
hṛta	13	6
kevala	15	4
khala	13	6
khura	8	11
kānti	9	10
kāntā	2	17
kūrma	13	6
lekhya	11	8
lepa	4	15
mardana	1	18
niś	16	3
palāśa	6	13
patita	7	12
pañcāśat	4	15
phena	11	8
prajña	1	18
prasū	4	15
puṇḍarīka	12	7
puṣṭa	4	15
puṣṭi	16	3
pānīya	17	2
rajanī	11	8
rasika	13	6
rodha	5	14
saktu	11	8
sammita	2	17
sara	2	17
saṃyoga	3	16
sūkara	13	6
tuṣāra	17	2
tāpa	5	14
tāraka	10	9
varti	2	17
varṣā	18	1
vicitra	17	2
vipula	18	1
viśeṣaṇa	13	6
vyāja	15	4
vācaka	5	14
yata	14	5
āmra	18	1
śubhra	13	6
śyena	18	1
ṭīkā	2	17
adhika	14	4
ambara	14	4
amitra	14	4
asat	17	1
aṇu	17	1
bhadrā	5	13
bhagavat	17	1
bhikṣu	8	10
bhramara	17	1
bhṛṅga	15	3
dharā	11	7
kaccha	8	10
kadalī	5	13
kaṭi	17	1
krauñca	16	2
kāmya	8	10
kṣepa	3	15
lalāṭa	11	7
mahiṣa	14	4
mauli	9	9
maṇḍūka	12	6
mārtaṇḍa	8	10
mūlya	4	14
nagna	15	3
nata	15	3
navati	8	10
pattana	1	17
piṇḍī	12	6
prabhava	2	16
pralaya	9	9
prauḍha	16	2
praveśa	1	17
prayāga	11	7
purā	12	6
puṃs	11	7
pīlu	10	8
rāta	3	15
sainya	14	4
saukhya	4	14
saṃgama	7	11
saṃnyāsa	15	3
saṃsarga	6	12
sphaṭika	11	7
sārasvata	15	3
tūrya	4	14
utpala	17	1
vaidika	14	4
vaikuṇṭha	17	1
vasati	1	17
viṣāṇa	3	15
vyāpāra	4	14
yamaka	6	12
śarad	16	2
śvāsa	10	8
śāpa	14	4
ṣaṇḍa	5	13
abdhi	16	1
aham	16	1
apatya	12	5
asad	16	1
asu	15	2
avara	13	4
aṃśu	14	3
barhis	1	16
bhāryā	9	8
cid	14	3
cāmara	8	9
cīra	11	6
dhātrī	5	12
duhitṛ	3	14
gara	9	8
garta	3	14
guccha	11	6
guha	12	5
hariṇa	14	3
jambha	7	10
jaṭhara	11	6
kampa	2	15
krānti	13	4
kumbhī	12	5
kumārī	9	8
kṛśa	14	3
kṣmā	15	2
lauha	11	6
martya	15	2
meṣa	16	1
mocana	1	16
mukunda	16	1
māṇikya	13	4
nagarī	4	13
padya	11	6
pala	9	8
pippalī	4	13
plakṣa	15	2
prapañca	6	11
putrikā	5	12
pāli	3	14
pīyūṣa	16	1
rajata	14	3
rakṣita	1	16
rohita	9	8
saṃcāra	4	13
saṃdhāna	7	10
saṃhata	14	3
saṃhāra	7	10
saṃsthā	4	13
spanda	12	5
sānu	4	13
sāvitrī	12	5
sṛṣṭi	11	6
valaya	1	16
valkala	4	13
vidagdha	11	6
vidyut	12	5
vāpa	1	16
vārṣika	1	16
vīthī	2	15
yogya	3	14
yugma	13	4
yātu	9	8
ājya	15	2
āsya	12	5
śreṇī	4	13
śīrṣaka	1	16
śītala	14	3
agha	14	2
bhukta	11	5
bhārgava	14	2
bhāvanā	7	9
bhī	2	14
budhna	2	14
dhvāṅkṣa	15	1
dāśa	15	1
gamya	2	14
gāthā	3	13
hanumat	15	1
hotra	3	13
hāyana	5	11
jani	12	4
kambala	7	9
kaṣṭa	13	3
khāta	3	13
kumuda	14	2
kāṃsya	14	2
kṣatriya	15	1
lomaśa	12	4
mad	13	3
markaṭa	14	2
marīci	9	7
mṛt	15	1
naga	15	1
nāka	14	2
nāṭya	15	1
nīra	13	3
pañjara	6	10
paṭṭikā	4	12
peśas	5	11
piṅga	12	4
pluta	4	12
pārṣṇi	13	3
rākṣasa	5	11
sampūrṇa	14	2
saṃcaya	1	15
saṃdeśa	7	9
saṃyukta	4	12
sopāna	12	4
suhṛd	5	11
sutā	4	12
sāhasra	4	12
taraṃga	3	13
tāmbūla	15	1
vanitā	6	10
vetasa	8	8
vetāla	12	4
vistara	5	11
viṃśa	1	15
vāhinī	2	14
vāsiṣṭha	11	5
yodha	5	11
yāvan	1	15
ācārya	13	3
āgata	11	5
śiśira	15	1
śūrpa	13	3
bahula	9	6
bhara	1	14
bhukti	7	8
bhṛśa	14	1
caitanya	8	7
cela	7	8
damana	1	14
deśya	3	12
dhavala	11	4
druta	14	1
gāna	3	12
jambu	9	6
jambū	6	9
jatu	12	3
jihma	13	2
jvālā	10	5
kartavya	2	13
kleśa	7	8
komala	9	6
kāsa	10	5
kṛṣṭa	6	9
mahiṣī	9	6
maithuna	5	10
manmatha	11	4
mastaka	6	9
mauna	10	5
modaka	3	12
mudga	7	8
mālinī	2	13
mṛṇāla	13	2
nada	5	10
paścima	12	3
paṭaha	7	8
phulla	13	2
pravaṇa	3	12
pātāla	14	1
rayi	13	2
rudhira	13	2
rāti	2	13
sac	11	4
sarit	6	9
sarṣapa	6	9
saṃkara	8	7
saṃkaṭa	7	8
saṃsthita	3	12
saṃśita	3	12
sthā	1	14
sāda	2	13
sṛgāla	13	2
tīra	7	8
veśyā	14	1
viddha	5	10
vidhu	14	1
vivikta	13	2
vāhaka	1	14
vṛnta	3	12
yajus	1	14
yoginī	12	3
āhuti	6	9
āyata	10	5
śalākā	7	8
śaraṇa	4	11
śulka	10	5
śīrṇa	13	2
adhva	11	3
atri	12	2
avi	12	2
aṇḍa	12	2
bhaginī	4	10
bhitti	3	11
bhāṣita	1	13
deya	1	13
dhūli	11	3
dhṛṣṭa	12	2
doha	2	12
dṛśya	6	8
gadgada	12	2
gauḍa	11	3
gāḍha	10	4
harmya	7	7
haṭha	13	1
iṣṭi	9	5
java	2	12
jaḍa	11	3
jñāti	12	2
kaca	11	3
kandarpa	13	1
kapaṭa	12	2
karāla	10	4
kauśika	7	7
kaṭuka	8	6
kubja	6	8
kuṇḍala	1	13
kāśi	13	1
kīlaka	1	13
laya	8	6
likhita	5	9
lipta	3	11
lāla	7	7
lāṅgala	8	6
magha	7	7
mahas	3	11
meda	7	7
medhā	13	1
mākṣika	4	10
mārjāra	9	5
mūrkha	10	4
nandinī	4	10
nimba	9	5
oṣṭha	12	2
parā	13	1
pañcamī	7	7
paścāt	11	3
prahāra	4	10
prastāva	11	3
praśasta	8	6
prākāra	8	6
pāṇḍava	8	6
pūraṇa	4	10
rada	2	12
ramya	11	3
roha	5	9
roṣa	8	6
rāsa	11	3
sanna	12	2
saṃkhya	2	12
sirā	12	2
smita	6	8
snāyu	10	4
stūpa	5	9
sīmā	12	2
sūkta	10	4
sūpa	12	2
sūra	12	2
talpa	6	8
tamas	6	8
tuhina	13	1
tṛtīya	8	6
utpatti	12	2
valli	8	6
vapus	1	13
varta	3	11
veṣṭa	3	11
veṣṭana	1	13
vihvala	8	6
vinīta	10	4
vipāka	7	7
vyañjana	7	7
vāhya	2	12
vārāha	11	3
vāṇī	8	6
yamunā	13	1
āhāra	9	5
ākāra	6	8
ātman	2	12
śauca	7	7
anṛta	12	1
asra	11	2
ayana	5	8
aṃsa	10	3
bandhaka	1	12
bhojya	5	8
bhīṣma	12	1
bhūyas	6	7
dayā	11	2
daśana	7	6
dhairya	9	4
dhvaṃsa	1	12
diva	6	7
dvaita	10	3
dāma	10	3
gada	3	10
gandhaka	1	12
gardabha	9	4
grasta	1	12
grāhya	5	8
gīti	3	10
hautra	5	8
hrī	12	1
jaghanya	10	3
janya	4	9
juṣṭa	2	11
jāra	9	4
ka	5	8
koka	11	2
koṣṭha	8	5
kālikā	9	4
kāśī	11	2
kṛtyā	5	8
kṣapā	12	1
laukika	6	7
lobha	5	8
lupta	7	6
maitra	10	3
mandra	11	2
mauktika	10	3
medinī	9	4
mekhalā	7	6
mālya	9	4
mānava	12	1
mātaṃga	11	2
mūka	7	6
mūlī	3	10
netṛ	2	11
paura	11	2
pralamba	10	3
prasthāna	7	6
pratīka	3	10
pāṭala	7	6
pīḍita	2	11
pūraka	2	11
pūtanā	8	5
rasā	4	9
rājī	3	10
rīti	7	6
sakhī	6	7
sampradāya	12	1
sampāta	3	10
sarasa	6	7
satī	8	5
saṃhati	1	12
sthāṇu	11	2
svasṛ	1	12
sādhaka	5	8
sāhasa	5	8
sāraṅga	9	4
sāyaka	3	10
sāyam	11	2
sūti	8	5
tarpaṇa	1	12
triṃśat	4	9
tāpasa	7	6
vaidyaka	10	3
vaktṛ	3	10
vakṣas	3	10
vandhyā	11	2
varṇaka	4	9
vibhrama	4	9
vibhūti	9	4
vikalpa	4	9
vyasta	10	3
vyavasthā	7	6
vāpī	5	8
vāyasa	6	7
vṛnda	6	7
vṛta	2	11
yavana	11	2
śakaṭa	10	3
ślakṣṇa	10	3
śreṇi	6	7
adṛṣṭa	11	1
badara	7	5
barha	6	6
bhrātṛvya	11	1
bhīti	5	7
bhūma	1	11
bālaka	4	8
caitya	9	3
chandas	4	8
dama	6	6
dhanya	6	6
dhiṣṇya	4	8
dhāma	10	2
dhātṛ	4	8
dolā	9	3
drākṣā	9	3
dvār	2	10
gaurava	3	9
grāhaka	3	9
guhā	8	4
hiṃsā	9	3
iṣṭakā	11	1
jaṭa	1	11
jīvikā	1	11
kakud	6	6
kaśyapa	10	2
kaṭaka	2	10
kaṭha	10	2
kuṭila	11	1
kārmuka	1	11
kāñcī	9	3
lāñchana	1	11
maryādā	9	3
maṭha	4	8
mithuna	5	7
moda	5	7
muṣka	8	4
odana	9	3
paruṣa	7	5
pata	1	11
pauruṣa	4	8
phalgu	11	1
pradoṣa	10	2
pratīpa	9	3
pālana	2	10
pārthiva	9	3
ruddha	10	2
rādhas	1	11
saciva	2	10
sambhṛta	7	5
samāgama	4	8
saṃdarbha	6	6
saṃnipāta	10	2
saṃskṛta	7	5
saṃtati	2	10
sthūṇā	10	2
stoka	7	5
trayī	9	3
trika	5	7
tāna	3	9
ucchiṣṭa	11	1
udak	11	1
ukti	2	10
upacāra	9	3
vaiśvānara	10	2
vasā	10	2
vaṅga	9	3
vikṣepa	4	8
viraha	7	5
visarga	2	10
vivara	2	10
vrāta	6	6
vrātya	11	1
vyākhyāna	6	6
vyākula	9	3
vyāyāma	9	3
vālukā	6	6
vānara	6	6
yuvati	2	10
yādava	11	1
ājñā	11	1
ātta	11	1
āyudha	9	3
āśrama	11	1
āśraya	6	6
śaṭha	8	4
śulba	11	1
śārīraka	10	2
ūna	9	3
adya	10	1
anartha	10	1
aśana	4	7
aṅghri	10	1
bhogya	2	9
bhrama	3	8
bhāratī	8	3
bhūmī	9	2
bhṛti	3	8
catura	4	7
catvāriṃśat	1	10
cora	6	5
danti	7	4
dattā	2	9
daṃśa	6	5
deśīya	3	8
dha	1	10
dhūta	7	4
droha	6	5
droṇī	5	6
dveṣa	4	7
gabhasti	7	4
gayā	8	3
ghaṭī	7	4
ghrāṇa	9	2
grīṣma	10	1
haridrā	7	4
hemanta	8	3
heti	2	9
hū	1	10
ibha	9	2
kapola	8	3
karañja	2	9
karuṇa	7	4
karṇaka	1	10
kaṭhina	8	3
kilbiṣa	1	10
kraya	6	5
kulīna	2	9
kunda	5	6
kālika	2	9
kāśa	4	7
kūrca	5	6
lajjā	9	2
lava	3	8
lekhaka	2	9
lubdha	4	7
lālā	9	2
lāvaṇya	9	2
mlāna	7	4
mukuṭa	2	9
mālava	10	1
mṛttikā	3	8
mṛṣṭa	9	2
nalinī	8	3
namra	6	5
nimna	10	1
nisarga	10	1
nāgara	9	2
nīḍa	2	9
paca	4	7
palita	7	4
pathika	4	7
pañcama	6	5
pradeśa	6	5
pāvana	2	9
pīna	8	3
pūjita	2	9
rakṣas	3	8
ramaṇīya	9	2
raya	3	8
revatī	9	2
rucira	9	2
samasta	10	1
sambhāra	3	8
samāpta	8	3
samṛddhi	6	5
sarja	6	5
savya	8	3
saṃhita	1	10
saṃkīrṇa	9	2
snāta	3	8
spṛṣṭa	4	7
sruva	9	2
stobha	4	7
sāmya	5	6
taskara	5	6
tumbī	2	9
tuṣa	6	5
tṛpti	8	3
tṛṣṇā	5	6
vardhamāna	9	2
vatsala	2	9
vaśya	5	6
vepathu	3	8
veśma	10	1
videha	8	3
vidheya	6	5
vināśa	4	7
vismaya	7	4
viyoga	5	6
viśrambha	8	3
viṭa	10	1
yogi	10	1
yāmala	1	10
ādhāra	5	6
ākṛti	5	6
āloka	8	3
śambara	10	1
śaṅkā	5	6
śimbī	2	9
śobhā	4	7
śopha	4	7
śrāvaṇa	9	2
śāṇa	4	7
śṛṅgī	2	9
śṛṅkhalā	5	6
anīka	4	6
ara	6	4
basta	9	1
bhagavatī	9	1
bhaikṣa	8	2
bhaiṣajya	9	1
bhrānti	6	4
bhādra	9	1
bījā	2	8
caṇa	4	6
ceṣṭā	4	6
chada	1	9
chidra	7	3
cita	1	9
cīna	9	1
dasyu	5	5
daṃṣṭrā	5	5
dānu	4	6
gautama	7	3
gaya	7	3
grahaṇī	7	3
hā	5	5
iḍā	9	1
jaghana	6	4
jvāla	1	9
jyotiṣa	4	6
jyotsnā	7	3
jāmi	4	6
kalaṅka	5	5
kalmaṣa	1	9
kambu	7	3
keśi	8	2
khyāti	6	4
koṣa	1	9
kuhaka	9	1
kuṭa	4	6
kāśyapa	4	6
lakṣaṇā	2	8
lāṅgūla	3	7
lūna	7	3
makṣikā	1	9
mekhala	1	9
mura	9	1
naḍa	8	2
nepathya	7	3
nindā	1	9
nipuṇa	4	6
nirukta	8	2
nitamba	7	3
nāpita	6	4
nīlī	7	3
nīta	2	8
paraśu	7	3
paryanta	6	4
patākā	4	6
pavamāna	9	1
phalī	3	7
phaṇa	8	2
prabala	8	2
prayāṇa	5	5
purastāt	9	1
putrī	2	8
raudra	8	2
rāvaṇa	8	2
samūha	3	7
saṃdigdha	8	2
saṃrambha	7	3
saṃsthāna	3	7
saṃsṛṣṭa	8	2
saṃtāpa	5	5
saṃśraya	1	9
sikatā	8	2
sthūṇa	1	9
svaira	9	1
sāmagrī	8	2
tāta	3	7
ulkā	9	1
vairāgya	8	2
vaiśvadeva	8	2
vaśā	5	5
vibhava	5	5
vikraya	1	9
vikṛti	4	6
vipad	8	2
vistīrṇa	7	3
vyabhicāra	8	2
vyathā	3	7
vyutpatti	7	3
vāsaka	2	8
vāṇa	3	7
yāminī	7	3
āhnika	7	3
śaunaka	8	2
śigru	3	7
śira	3	7
śirīṣa	7	3
śithila	9	1
śleṣa	5	5
śrut	1	9
śuṣma	2	8
śāra	9	1
śṛta	5	5
abda	7	2
aiḍa	8	1
ajina	8	1
anvaya	5	4
aṅgula	3	6
baudhāyana	8	1
baṭuka	6	3
bherī	7	2
bhujā	5	4
bhāla	8	1
bhāsa	3	6
bhūyiṣṭha	3	6
bhṛṣṭi	1	8
camū	8	1
caru	5	4
caturtha	6	3
caturthī	1	8
cyavana	7	2
cāritra	3	6
deśika	1	8
dhanu	7	2
dhānā	7	2
dvitīyā	3	6
dāruṇa	3	6
dāva	5	4
dṛti	5	4
gaṅga	2	7
geya	3	6
ghāsa	3	6
godhā	6	3
goptṛ	1	8
gārgya	3	6
hārya	1	8
hṛdya	7	2
kaluṣa	6	3
kapāṭa	5	4
kavya	8	1
kaśā	5	4
kaṅkaṇa	8	1
khañja	7	2
kovida	1	8
krośa	5	4
kuḍya	6	3
kuṇṭha	5	4
kuṭi	2	7
kuṭṭa	3	6
kṛpaṇa	7	2
kṛpā	8	1
kṣānti	8	1
lodhra	3	6
lālasa	1	8
mana	6	3
mandāra	7	2
mañca	7	2
mañjūṣā	1	8
maṇḍalī	6	3
mālatī	6	3
māraṇa	2	7
mṛd	5	4
naimittika	7	2
nakra	6	3
nakula	1	8
nandā	4	5
niṣka	2	7
paryaṅka	8	1
paryāpta	8	1
peśī	3	6
phāla	6	3
pika	8	1
piśaṅga	7	2
pratihāra	7	2
puras	8	1
pādukā	5	4
pāṇḍara	7	2
pāṣaṇḍa	8	1
pūjya	4	5
pūrṇimā	3	6
raja	1	8
rambhā	5	4
rājñī	4	5
rākṣasī	2	7
rātrī	3	6
samagra	8	1
samiti	5	4
sauvarṇa	7	2
saṃhṛṣṭa	5	4
saṃsparśa	1	8
saṃvara	2	7
spaṣṭa	7	2
svastika	3	6
svāti	6	3
sādhvasa	1	8
sāhi	2	7
sāmrājya	6	3
sīra	8	1
sūda	7	2
sūtikā	7	2
takṣa	4	5
tantrī	2	7
tapana	6	3
taruṇī	6	3
triṃśad	8	1
tura	7	2
tṛtīyā	1	8
unnata	6	3
upaniṣad	3	6
utsāha	7	2
vandana	3	6
varūtha	3	6
vidarbha	7	2
vihīna	4	5
vikaṭa	8	1
vimukta	7	2
vivṛta	7	2
viṣaṇṇa	8	1
viṣṭhā	5	4
vāsana	1	8
vāya	1	8
vṛti	6	3
yugala	5	4
yājña	8	1
āhara	8	1
āścarya	8	1
āḍhya	8	1
śabala	5	4
śabara	6	3
śakala	2	7
śakya	7	2
śakṛt	5	4
śala	3	6
śamana	2	7
śobhana	3	6
śotha	7	2
śārada	3	6
abhidhāna	4	4
adhikaraṇa	5	3
ambikā	7	1
aśīta	3	5
bhavya	4	4
bhavā	3	5
bhaṇḍa	4	4
bhoktṛ	2	6
bhāvya	3	5
biḍāla	5	3
bradhna	5	3
cayana	4	4
cañcala	5	3
caṇḍikā	4	4
chala	6	2
cīvara	6	2
dattaka	2	6
dhvānta	6	2
dhāraṇā	5	3
digdha	5	3
diṣṭa	6	2
dvaidha	2	6
elā	7	1
gahana	2	6
garuḍa	7	1
ghaṭikā	3	5
gūrta	3	5
haṭṭa	5	3
hiṅgu	7	1
hārīta	5	3
jyoti	5	3
jāyā	4	4
jīvat	7	1
kalya	7	1
kandara	1	7
karaṇḍaka	2	6
kautūhala	2	6
keta	3	5
kirāta	4	4
koli	3	5
koṭa	5	3
koṭī	3	5
krīta	1	7
kuliśa	6	2
kuraṅga	7	1
kālaka	1	7
kālindī	7	1
kāntāra	4	4
kārita	1	7
kāru	5	3
kāśikā	4	4
kṣipta	6	2
kṣāma	6	2
lāghava	2	6
madirā	7	1
magadha	6	2
mandara	6	2
matsara	2	6
maśaka	6	2
maṅgalā	7	1
medas	6	2
medhya	6	2
meḍhra	6	2
mihira	5	3
mogha	6	2
mumukṣu	7	1
mā	6	2
māsika	1	7
mūṣikā	3	5
nakta	7	1
nihita	3	5
nyūna	7	1
nāra	5	3
nāḍi	5	3
pallī	6	2
pañcāla	4	4
phaṇā	7	1
pramatta	7	1
pramāda	3	5
prapanna	7	1
prapā	6	2
prastara	4	4
prastāra	3	5
pravāla	6	2
prayojana	1	7
prācī	5	3
puñja	2	6
puṇḍra	6	2
puṣya	7	1
pācaka	2	6
pāśupata	6	2
pāṇḍura	5	3
pāṇḍya	6	2
racita	7	1
ramā	7	1
rathyā	3	5
ruru	6	2
ruta	3	5
samartha	5	3
sambhoga	5	3
sambhūta	4	4
samṛddha	3	5
sana	5	3
sarala	7	1
saudha	6	2
savitṛ	7	1
saṃgati	5	3
seka	4	4
sindūra	6	2
sitā	4	4
srasta	7	1
sthavira	4	4
sthāla	3	5
svarita	4	4
sāmanta	6	2
sāyujya	3	5
tarala	5	3
tata	6	2
turīya	5	3
tyakta	7	1
tātparya	5	3
udātta	6	2
ujjvala	7	1
upadeśa	7	1
utthāna	6	2
vaikṛta	5	3
vapra	4	4
varaṇa	2	6
vibhinna	6	2
vikala	4	4
vikrānta	4	4
viṣṭara	4	4
vyagra	5	3
vārāhī	7	1
yakṣiṇī	7	1
yakṣma	5	3
yatna	3	5
ādhi	6	2
ādhāna	3	5
āraṇya	7	1
ārta	6	2
śakuni	5	3
śarkara	4	4
śasta	2	6
śipra	1	7
śiṃśapā	1	7
śliṣṭa	3	5
śoṣa	1	7
śramaṇa	2	6
śāṇḍilya	7	1
śītalā	6	2
śṛṅkhala	4	4
ṣaṣṭha	4	4
arya	5	2
avadhi	3	4
avatāra	5	2
aśīti	2	5
bahala	5	2
balāsa	6	1
baṭu	4	3
bhairavī	4	3
bhavat	3	4
bhaṭṭāraka	2	5
bhedya	2	5
bhru	5	2
bhāvita	3	4
bhūṣā	1	6
bhṛṣṭa	4	3
brāhmī	6	1
caurya	4	3
caṇḍāla	4	3
cheda	2	5
codita	1	6
cāraka	1	6
dambha	3	4
daridra	3	4
daśaka	1	6
daśama	1	6
dhurya	3	4
dhvasta	5	2
dohada	4	3
dānava	5	2
gadya	2	5
gadā	6	1
gaṇi	3	4
gopī	5	2
gāndharva	6	1
gāyatra	6	1
hanana	1	6
ilā	6	1
jagdha	3	4
jara	1	6
jhaṣa	5	2
jñu	1	6
jīra	1	6
jūti	1	6
kakṣya	1	6
kalatra	2	5
kalmāṣa	6	1
kaniṣṭha	6	1
kaṭhora	6	1
kelī	4	3
kheda	1	6
khela	3	4
kiṭṭa	1	6
kokila	5	2
koṭara	4	3
koṭṭa	6	1
kuca	6	1
kuvalaya	6	1
kuñja	3	4
kuṭṭaka	1	6
kāmi	5	2
kāminī	2	5
kārttika	6	1
kḷpta	4	3
laulya	2	5
laṅghana	1	6
lulita	5	2
līna	2	5
madhūka	6	1
majjā	6	1
malina	5	2
marakata	6	1
moca	5	2
mudgara	4	3
musala	2	5
muṣṭika	2	5
mārgaṇa	2	5
māṇavaka	4	3
mūṣika	5	2
naṭṭa	6	1
nāyikā	2	5
pacana	1	6
padminī	6	1
palvala	3	4
pauṇḍra	6	1
peśala	2	5
piccha	3	4
prabhāta	5	2
pramukha	3	4
prayukta	2	5
prīta	4	3
putrīya	2	5
pārāvata	4	3
pātañjala	6	1
pāśaka	2	5
pāṇini	5	2
pāṇinīya	5	2
pūya	4	3
rabhasa	3	4
rajani	6	1
repha	3	4
rocana	2	5
rādha	3	4
rājanya	5	2
sadas	1	6
sadma	5	2
saindhava	5	2
sakta	6	1
sambaddha	2	5
sambādha	3	4
saṃgara	2	5
saṃgata	2	5
saṃtata	4	3
saṃyama	3	4
sevana	1	6
sevya	3	4
smaraṇa	5	2
snuṣā	4	3
srota	4	3
stabaka	3	4
stanita	5	2
sthaṇḍila	6	1
sthāpana	1	6
sāmi	6	1
sīmanta	6	1
sūnā	5	2
ta	6	1
tana	1	6
tapa	2	5
taraṇi	5	2
tati	1	6
toraṇa	1	6
tulasī	4	3
tālī	4	3
tāḍa	4	3
udvigna	6	1
ulūka	6	1
vaikalya	1	6
valī	5	2
vapā	6	1
vetana	3	4
vida	2	5
vilocana	2	5
vinaṣṭa	4	3
viniścaya	1	6
vipatti	4	3
viplava	1	6
viśrabdha	6	1
viśīrṇa	6	1
viṣuva	5	2
viṭṭhala	5	2
vyakti	3	4
vācika	3	4
vādana	2	5
vāruṇa	5	2
vṛṣṇi	6	1
yājaka	1	6
yājñika	6	1
yāta	2	5
āgāra	4	3
āsana	4	3
ātapa	6	1
śa	3	4
śalka	2	5
śapatha	6	1
ślatha	5	2
śreyas	5	2
śrotriya	3	4
śrānta	6	1
śrāvaka	4	3
śākalya	6	1
śākaṭa	1	6
śālmalī	5	2
śāṭī	4	3
ḍiṇḍima	1	6
ṭaṅka	4	3
agāra	4	2
alīka	5	1
anumāna	4	2
ap	5	1
auṣadha	4	2
avadya	4	2
avayava	3	3
añjana	3	3
aṅgiras	2	4
bhramaṇa	1	5
bhāsura	5	1
bodhaka	1	5
brahmaṇya	4	2
capala	2	4
catvara	2	4
citya	1	5
citā	5	1
cūta	2	4
dadru	5	1
dhūsara	3	3
diśā	3	3
dola	4	2
draṣṭṛ	1	5
duḥkhita	1	5
dviṣṭa	1	5
dānta	3	3
dīpti	3	3
enas	2	4
eṇī	5	1
gañja	1	5
gaḍa	2	4
gaṇaka	1	5
gaṇanā	4	2
gha	1	5
grāsa	2	4
gādha	1	5
harītakī	1	5
harṣaṇa	1	5
hastaka	1	5
hava	1	5
jahnu	5	1
jalpa	2	4
jarat	5	1
jvalana	2	4
jātī	4	2
jīvātu	2	4
kailāsa	5	1
kalita	1	5
kalka	1	5
kalyāṇī	5	1
karabha	5	1
kardama	3	3
karkandhu	5	1
karṣa	1	5
kaṃja	5	1
kaṇḍū	5	1
kaṭī	3	3
kharjūrī	1	5
kila	1	5
kirīṭa	4	2
kokilā	4	2
kulāla	5	1
kulāya	3	3
kumāri	5	1
kumārikā	2	4
kuntala	2	4
kutsa	3	3
kuṇapa	3	3
kuṭumba	2	4
kāruṇya	5	1
kātyāyana	3	3
kāṇa	3	3
kāṣāya	5	1
kūbara	1	5
lalāma	2	4
mallaka	1	5
mama	5	1
manana	4	2
manthara	4	2
mantu	1	5
marica	2	4
mudita	3	3
mādhavīya	3	3
mūrchā	5	1
mūṣaka	2	4
nabhas	5	1
nas	2	4
niṣṭhura	4	2
nāradīya	4	2
nārāca	4	2
pakti	4	2
panasa	2	4
parigha	5	1
parimala	3	3
parśu	3	3
phalgunī	3	3
picchila	5	1
poṣya	4	2
pramoda	3	3
prasara	1	5
prauga	4	2
pravacana	4	2
pulina	5	1
pustaka	1	5
pārṣada	5	1
pātaka	1	5
pātrī	2	4
pāṭī	4	2
pṛṣṭa	3	3
raśana	1	5
riṣṭa	4	2
rocanā	2	4
rohiṇi	5	1
romaka	4	2
rugṇa	3	3
rujā	4	2
sabhya	4	2
sambandhi	4	2
samāhita	4	2
sarpis	2	4
sarvatra	5	1
saṃkrama	2	4
saṃnidhi	3	3
saṃtapta	4	2
saṃvṛta	4	2
spardhā	2	4
srava	2	4
steya	3	3
sutyā	2	4
sāmarthya	4	2
sārikā	3	3
sāvitra	4	2
sūtaka	3	3
sṛṣṭa	4	2
tagara	5	1
tanti	3	3
teja	5	1
toka	3	3
trāsa	3	3
tya	1	5
tāmasa	4	2
tārkika	5	1
udvega	5	1
udyata	5	1
upasthāna	3	3
vaidehī	3	3
vanya	4	2
vartamāna	5	1
vartana	2	4
varī	3	3
vañcana	5	1
veṇi	4	2
vibhakta	3	3
vibhakti	2	4
vigama	1	5
vijña	4	2
vipluta	4	2
virakta	4	2
vitāna	3	3
viśada	3	3
viṣāda	3	3
vyacas	2	4
vācas	3	3
vārtta	1	5
vāruṇī	1	5
vāsanā	5	1
vāstuka	2	4
vātsalya	2	4
vāṇi	1	5
vṛścika	4	2
vṛṣala	4	2
yatha	5	1
yayāti	5	1
yaṣṭī	3	3
yāmya	4	2
ādya	5	1
āmiṣa	5	1
āmnāya	4	2
āpad	5	1
ārṣeya	3	3
āya	4	2
āśaya	1	5
śakaṭī	3	3
śarāva	2	4
śatā	5	1
śauṇḍa	1	5
śaṅka	1	5
śimbi	3	3
śroṇī	3	3
śvabhra	4	2
śvan	1	5
ūha	4	2
ḍāmara	3	3
ḍīna	1	5
ṣaṭka	2	4
abhimāna	4	1
aditi	4	1
anantara	2	3
antika	2	3
anuṣṭhāna	3	2
aparādha	3	2
apavarga	2	3
apavāda	2	3
apūpa	4	1
arbuda	4	1
argha	4	1
añjali	4	1
aṅguṣṭha	3	2
ballava	3	2
barhiṇa	4	1
bhastrā	2	3
bhaviṣya	4	1
bhiṣaj	1	4
bhuva	2	3
bhāsvara	1	4
bhīruka	1	4
budbuda	2	3
bādhya	3	2
candraka	1	4
cintya	2	3
cāndrāyaṇa	3	2
cāturmāsya	4	1
dardura	3	2
darvī	4	1
darī	4	1
dayālu	2	3
dharṣa	2	3
dhenuka	3	2
dhāraṇī	3	2
diti	4	1
div	4	1
dyo	4	1
dyāvā	4	1
dūṣita	1	4
gairika	1	4
gavi	4	1
ghaṭi	4	1
ghaṭṭa	3	2
guṇya	1	4
gāndhāra	2	3
gātha	2	3
gātu	2	3
gṛtsa	4	1
hali	2	3
havana	3	2
hārda	2	3
jayā	4	1
jvalita	3	2
jñeya	4	1
jālaka	2	3
kabandha	4	1
kadru	3	2
kajjala	3	2
kaliṅga	3	2
kalyāṇaka	3	2
kanya	2	3
kaparda	1	4
kapittha	3	2
karambha	3	2
karkaśa	3	2
kartana	2	3
kartṛka	1	4
karīra	3	2
karṣū	3	2
kastūrī	2	3
kathita	1	4
kaśa	2	3
kharjūra	3	2
kharva	3	2
khila	4	1
khyāta	3	2
khādi	1	4
khāna	1	4
klinna	4	1
kliṣṭa	3	2
klānta	2	3
kuṅkuma	3	2
kuṇḍalikā	2	3
kādambarī	3	2
kātara	2	3
kīra	1	4
kṛttikā	4	1
kṣoda	2	3
lampaṭa	2	3
lekhana	2	3
lolupa	2	3
majja	4	1
man	2	3
manthana	2	3
mardala	1	4
mañjari	1	4
maṅgalya	4	1
melaka	1	4
muṣita	3	2
muṣṭikā	2	3
mādhavī	3	2
māgadha	3	2
mānya	2	3
mātā	4	1
māṇḍavya	2	3
mṛti	4	1
nartana	4	1
nibha	1	4
nirghāta	3	2
nirukti	3	2
nārāśaṃsa	1	4
oṣṭhya	2	3
pac	3	2
palāṇḍu	2	3
panna	4	1
pat	4	1
pavi	1	4
picu	4	1
pipīlikā	3	2
piśuna	4	1
piṇḍi	2	3
pramada	4	1
prasveda	3	2
pravīra	2	3
pravīṇa	2	3
puṃsa	2	3
pājas	1	4
ra	3	2
rakṣi	2	3
rathya	3	2
rodhra	4	1
rohaṇa	2	3
romaśa	3	2
rājikā	1	4
rāmā	3	2
sadya	1	4
sahita	3	2
sambhrama	2	3
samiddha	4	1
sauparṇa	2	3
saurāṣṭra	4	1
sauvīra	4	1
saṃcara	1	4
saṃdarśana	2	3
saṃdhā	4	1
saṃhanana	2	3
saṃkoca	4	1
saṃvid	1	4
saṃśliṣṭa	2	3
secana	1	4
sevita	1	4
siṃhī	1	4
skambha	3	2
skhalita	4	1
smaya	2	3
snātaka	2	3
sphya	3	2
sphāti	3	2
stambhana	1	4
sthairya	4	1
stuta	4	1
sumna	2	3
suṣṭhu	4	1
svāpa	1	4
sāci	4	1
sādi	1	4
sālā	4	1
sārasa	3	2
sāvarṇa	1	4
sāṃkhyāyana	4	1
sīma	3	2
sūryā	4	1
tantri	4	1
taruṇa	4	1
taṭinī	1	4
tretā	4	1
tuṣṭi	4	1
tūṇa	3	2
udbhava	3	2
uddhāra	2	3
uddyota	4	1
ukṣa	4	1
upala	3	2
upamāna	4	1
upapatti	4	1
upaśama	3	2
utsava	4	1
uṣṇīṣa	4	1
vaināśika	2	3
vaktavya	3	2
vandhya	4	1
vandya	3	2
vardha	2	3
vatsara	1	4
vañcanā	3	2
vedya	1	4
vela	1	4
vema	4	1
veśya	2	3
vibhāṣā	1	4
vibhūta	4	1
vimarśa	2	3
vimukha	2	3
vinata	2	3
viniyoga	3	2
virajas	4	1
visarpa	3	2
vitata	3	2
vivarta	2	3
viś	2	3
viśruta	2	3
viśvasta	4	1
viḍa	2	3
viṣkambha	2	3
vyajana	2	3
vyatikara	1	4
vyavasthita	4	1
vyavasāya	4	1
vyādha	3	2
vāhi	3	2
vānta	1	4
vātika	3	2
vāñchā	3	2
vīci	3	2
vīti	2	3
vṛṣaṇa	1	4
ya	4	1
yodhana	1	4
yāvaka	2	3
ābhāsa	2	3
ādarśa	3	2
ādāna	2	3
ākula	3	2
ākṣepa	3	2
ārambha	4	1
ātithya	4	1
āyus	1	4
śalāka	1	4
śaṅkita	3	2
śiphā	3	2
śiraska	1	4
ślāghya	4	1
śobha	2	3
śrāvaṇī	4	1
śukta	3	2
śunaka	4	1
śuśrūṣā	1	4
śyāmāka	2	3
śābdika	4	1
śākuna	4	1
śālaṅkāyana	4	1
śālīna	3	2
śāsa	1	4
śāva	1	4
ūrmi	3	2
ūḍha	4	1
ḍambara	2	3
abhisaṃdhi	3	1
adhipati	1	3
adhiṣṭhāna	2	2
adhyayana	3	1
ahīna	3	1
akṣan	2	2
amarṣa	3	1
antaka	2	2
anugraha	2	2
asan	3	1
asādhu	3	1
avabhāsa	3	1
avagraha	1	3
avanata	3	1
aśman	2	2
aśri	1	3
aṃhri	3	1
aṅkuśa	2	2
bandhura	2	2
barbara	2	2
bhauta	2	2
bhayānaka	3	1
bhaṅgī	1	3
bhaṭṭi	3	1
bhilla	3	1
bhrājas	2	2
bhāgavatī	3	1
bhūmikā	2	2
bodhana	1	3
bābhrava	2	2
bādhaka	3	1
bāliśa	3	1
bībhatsa	2	2
caila	1	3
cakita	2	2
cakora	3	1
cakṣu	2	2
campā	3	1
carcā	2	2
carṣaṇi	1	3
caula	2	2
cilla	2	2
cillikā	1	3
cola	3	1
cāraṇa	2	2
cāṇakya	2	2
devi	2	2
dharaṇa	1	3
drapsa	1	3
drāva	2	2
dukūla	2	2
dākṣiṇya	3	1
dṛṣad	3	1
eva	2	2
garbhiṇī	2	2
garīyas	2	2
gaḍu	2	2
ghātana	1	3
ghāṭa	1	3
gila	2	2
godāna	2	2
gulpha	3	1
guṇḍa	1	3
guṭikā	2	2
gātrikā	2	2
hariṇī	3	1
hasa	2	2
helā	3	1
hiṃsra	3	1
iddha	3	1
ittham	3	1
iḍa	2	2
jambīra	1	3
japya	1	3
jarjara	2	2
jayantī	2	2
jaṅgala	1	3
jaṅgama	2	2
jāmātṛ	1	3
kacchū	2	2
kaitava	2	2
kaivalya	3	1
kakuda	2	2
kalevara	1	3
kamalinī	2	2
kamaṇḍalu	1	3
kandalī	2	2
kanduka	3	1
kapiśa	1	3
karaka	3	1
karaṇḍa	2	2
kartarī	2	2
kastūrikā	3	1
kerala	3	1
khārī	2	2
kiṣku	1	3
kiṭi	3	1
kolaka	1	3
krīḍanaka	1	3
kuhara	1	3
kusumbha	2	2
kuṇḍalī	3	1
kāmuka	2	2
kāruṇika	1	3
kāṇva	2	2
kīrṇa	1	3
kṛśānu	3	1
kṣara	3	1
kṣauma	2	2
laguḍa	2	2
lakṣita	2	2
lokya	1	3
ma	2	2
mandurā	3	1
masūra	3	1
mathita	1	3
maṇḍita	1	3
mud	1	3
muraja	3	1
mācī	1	3
mātula	3	1
māyūra	3	1
mūṣā	2	2
nasya	3	1
naukā	2	2
niraya	1	3
niśītha	3	1
nāli	1	3
nārāyaṇīya	3	1
nāṭa	2	2
nṛmṇa	1	3
nṛtta	3	1
ojas	1	3
padāti	3	1
palli	3	1
parāga	2	2
pastya	1	3
pathya	1	3
pautra	3	1
pañjikā	2	2
pañjī	1	3
paṭha	3	1
paṭṭi	3	1
phālgunī	3	1
pippala	2	2
piñjara	2	2
prage	3	1
prahara	2	2
praharṣa	1	3
praiṣa	3	1
pranaṣṭa	3	1
prasakta	2	2
prastuta	2	2
pravibhāga	2	2
prayas	1	3
praṣṭha	2	2
praṣṭi	3	1
proṣṭha	2	2
pulāka	1	3
puṣkala	2	2
puṣpita	1	3
pāntha	2	2
pāpīyas	2	2
pārada	2	2
pāraṇa	1	3
pāṭali	2	2
pītaka	2	2
pṛtha	3	1
pṛṣṭhya	1	3
rahas	3	1
rakṣya	1	3
ranti	3	1
raṅku	1	3
sahas	3	1
sakhya	1	3
samprahṛṣṭa	3	1
samādhāna	2	2
samāja	1	3
samāmnāya	1	3
samāpti	2	2
samīra	3	1
sapti	1	3
sarasī	3	1
saraṇa	2	2
saugandhika	2	2
saṃcita	1	3
saṃgīti	2	2
saṃkula	1	3
saṃrabdha	3	1
saṃvarga	2	2
saṃvarta	3	1
saṃvedya	2	2
sikta	1	3
smera	3	1
sraṣṭṛ	2	2
stena	2	2
sthāne	3	1
stukā	2	2
stutya	2	2
svedana	2	2
svāgata	2	2
svāminī	1	3
sāla	1	3
sāraṇī	2	2
sāya	3	1
tandri	2	2
taras	3	1
tardma	2	2
tari	1	3
tarṣa	1	3
tathya	3	1
toda	1	3
tsaru	2	2
tvan	3	1
tārakā	3	1
tāṇḍava	1	3
tīrthī	3	1
tūṇī	3	1
tṛpta	1	3
tṛṣā	3	1
upanayana	2	2
upasthita	3	1
urvarā	3	1
vadya	1	3
vahana	1	3
vaidhavya	3	1
vaiśeṣika	3	1
vali	2	2
vedanīya	3	1
vettṛ	1	3
veṇā	1	3
vibhraṣṭa	2	2
vibhā	3	1
vibhūṣaṇa	2	2
vijita	2	2
vijñeya	1	3
vijñāta	2	2
vimarda	1	3
vipina	1	3
vismita	1	3
vismṛta	3	1
viśrāma	3	1
viśuddhi	3	1
viṣṭa	3	1
viṣṭabdha	3	1
vrīḍā	3	1
vyatireka	2	2
vyañjaka	1	3
vyāhṛti	2	2
vyāma	1	3
vyāpaka	2	2
vāditra	3	1
vālakhilya	3	1
vāli	3	1
vāna	1	3
yantrita	2	2
yavāgū	2	2
yoktra	1	3
yuvatī	3	1
yāsa	1	3
yātanā	1	3
āgamana	1	3
āgas	3	1
āghāta	2	2
ākara	2	2
ākrānta	2	2
ālambana	2	2
āpaṇa	3	1
āraṇyaka	2	2
ārti	3	1
ārāma	2	2
āspada	2	2
āvṛtti	1	3
āyatana	2	2
āyatta	3	1
āyu	3	1
āṣāḍha	3	1
śambhū	3	1
śaphara	1	3
śatika	1	3
śibi	3	1
śiśna	3	1
śrita	3	1
śruṣṭi	2	2
śādvala	2	2
śāha	1	3
śālmali	3	1
śīkara	2	2
śū	3	1
ḍimba	1	3
ṣa	2	2
abhihita	2	1
abhijña	2	1
abhiṣeka	2	1
adhyāya	1	2
ahas	2	1
ajira	2	1
ambā	2	1
anugāna	1	2
anunāsika	2	1
apa	1	2
apas	2	1
aratni	1	2
avakāśa	2	1
avaroha	2	1
avasita	2	1
avasāna	2	1
avyaya	2	1
aya	2	1
añji	2	1
aṣṭama	2	1
balakṣa	2	1
balīyas	2	1
bhalla	2	1
bhaṅgura	2	1
bhaṅgā	2	1
bhidā	2	1
bhikṣuka	1	2
bhoṭa	2	1
bhrānta	2	1
bhugna	2	1
bhāṇa	1	2
bhāṣika	2	1
busa	1	2
caṇaka	2	1
caṭikā	2	1
coraka	1	2
cāmīkara	2	1
cāturya	1	2
cūrṇi	2	1
daivika	1	2
daka	2	1
darvi	2	1
dasma	2	1
dauhitra	2	1
dayitā	1	2
daṇḍana	1	2
devaka	1	2
deśaka	1	2
dhanika	1	2
dhuni	2	1
dhārya	1	2
dhāṭī	2	1
dhūmaka	1	2
dhūpana	1	2
dhṛṣṇu	2	1
divas	2	1
diṣṭi	1	2
draviṇas	1	2
dravī	2	1
dundu	2	1
dṛpta	1	2
garala	1	2
garbhita	2	1
garjita	1	2
gartā	2	1
gauḍaka	1	2
gavya	1	2
ghaṭita	1	2
ghoṇṭā	1	2
gira	1	2
gosa	2	1
goṇī	2	1
grahaṇīya	2	1
guggulu	1	2
gṛhyā	2	1
hantu	2	1
harin	2	1
haritāla	2	1
hikkā	1	2
hūta	1	2
jarāyu	1	2
jayanta	1	2
jijñāsā	1	2
jiṣṇu	2	1
jyāyas	2	1
jātya	1	2
kacu	1	2
kakubh	1	2
kalpaka	1	2
kalpita	1	2
kalāya	2	1
kanthā	2	1
karaṅka	1	2
karkara	1	2
karpaṭa	1	2
karta	2	1
kauṣītaki	2	1
kaṣa	2	1
kaṣā	2	1
khalī	2	1
khana	1	2
kheṭa	1	2
kheṭaka	1	2
khāṇḍava	2	1
kisalaya	1	2
kosala	2	1
kuddāla	2	1
kuha	1	2
kukkuṭī	2	1
kulmala	2	1
kunta	2	1
kusumita	2	1
kuḍmala	2	1
kāku	2	1
kāntī	1	2
kāpya	2	1
kīśa	1	2
kṛpa	1	2
kṛṣṭi	2	1
kṣapaṇaka	1	2
kṣoṇi	2	1
kṣurikā	2	1
kṣāraka	1	2
lakṣmi	2	1
lambana	1	2
leha	1	2
luñcita	2	1
lāsa	1	2
lāsaka	1	2
līḍha	1	2
madgu	1	2
majjan	1	2
majjana	2	1
makuṭa	1	2
mallika	1	2
matkuṇa	2	1
mañjīra	2	1
moṣa	1	2
muhus	2	1
musta	1	2
mādhurya	1	2
mādrī	2	1
māndya	1	2
māruti	2	1
mūra	1	2
mūrta	2	1
mūta	1	2
mṛdaṃga	2	1
nadi	1	2
nati	1	2
nediṣṭha	1	2
nighna	1	2
nārāyaṇī	2	1
nāvika	2	1
nāḍa	1	2
nāṇaka	2	1
pakṣya	1	2
palya	2	1
paryavadāta	2	1
patat	2	1
pañcī	2	1
paśavya	2	1
pelava	2	1
peṣaṇa	1	2
phakkikā	2	1
piplu	2	1
pracaya	2	1
prahīṇa	2	1
pramā	2	1
prasrava	2	1
prasthita	2	1
prasupta	1	2
prathas	1	2
priyaṅgu	2	1
prota	2	1
pula	2	1
punā	1	2
puri	2	1
pānaka	2	1
pātheya	2	1
pāñcālī	2	1
radana	1	2
rajaka	1	2
ramaṇī	1	2
rathī	2	1
raudrī	2	1
rauhiṇa	2	1
rodhas	1	2
roṣaṇa	1	2
sahiṣṇu	2	1
sajja	2	1
samasyā	2	1
sambhrānta	2	1
samutthāna	1	2
samā	1	2
samīraṇa	1	2
sanātana	2	1
saptama	1	2
saubhaga	1	2
saṃghaṭṭa	2	1
saṃghāṭa	1	2
saṃnata	2	1
saṃnyasta	2	1
saṃstava	2	1
saṃsṛti	2	1
saṃtoṣa	1	2
saṃtuṣṭa	1	2
saṃvīta	1	2
saṃvṛti	1	2
smāraka	1	2
somaka	1	2
soḍha	2	1
sphuliṅga	1	2
sphurat	2	1
sphāra	2	1
sphīta	2	1
spārha	2	1
spṛhā	1	2
sthāni	2	1
sundarikā	2	1
svāmika	1	2
syamantaka	2	1
syandana	2	1
sāhya	2	1
sāraṇa	1	2
sāri	2	1
sārī	1	2
sāṃkarya	2	1
sāṃvatsara	2	1
sāṃvatsarika	1	2
sūcikā	2	1
sūna	2	1
tamisra	1	2
tandra	1	2
tantī	1	2
tarasa	2	1
tarī	1	2
tindu	1	2
tintiḍī	2	1
tittiri	1	2
tumba	2	1
tvarā	2	1
tāriṇī	2	1
tīrṇa	2	1
tūr	2	1
udita	1	2
udyama	2	1
udyoga	2	1
ukthya	2	1
upakrama	1	2
upalabdhi	2	1
upasarga	2	1
upayāma	1	2
utsuka	2	1
utsṛṣṭa	2	1
vadhri	2	1
vaibhava	1	2
vailakṣya	1	2
vairāja	2	1
vajrī	2	1
vardhra	2	1
vartita	2	1
varāṭaka	1	2
vayasya	2	1
veṣṭita	1	2
vibandha	1	2
vidradhi	1	2
vidveṣa	2	1
vidīrṇa	2	1
vikāsa	2	1
vikṣipta	2	1
vilīna	1	2
vinna	1	2
vipīta	1	2
viraja	2	1
virocana	2	1
viruda	2	1
virāga	2	1
virāma	1	2
virūḍha	2	1
vivaktṛ	1	2
vivakṣā	1	2
viśeṣaka	1	2
viśleṣa	2	1
viṣayaka	1	2
viṣkira	1	2
viṣṭambha	1	2
viṣṭi	2	1
viṭapa	1	2
vyaṅga	2	1
vyāhṛta	1	2
vārita	1	2
vārāṇasī	2	1
vṛṣṭa	2	1
yaugika	2	1
yavasa	2	1
yugya	2	1
yājana	1	2
yājya	2	1
yāmaka	2	1
ādhī	1	2
ādṛṣṭi	2	1
āgrayaṇa	2	1
āhṛta	1	2
ālāpa	1	2
āntra	2	1
āpanna	2	1
āpāta	2	1
āra	1	2
ārūḍha	1	2
āsuti	1	2
āsvāda	1	2
āvartana	1	2
āyati	2	1
āśrita	1	2
āḍambara	1	2
īha	1	2
śaiśava	1	2
śalabha	2	1
śami	2	1
śaraṇya	2	1
śepa	1	2
śeva	1	2
śibikā	2	1
śibira	1	2
ślāghā	1	2
śravya	1	2
śvaśrū	2	1
śyeta	1	2
śākaṭāyana	2	1
śālika	1	2
śūlya	2	1
ūti	1	2
ḍimbha	1	2
ḍākinī	1	2
ṭaṅkaka	2	1
abhijana	1	1
abhiyoga	1	1
adhivāsa	1	1
adhyavasāya	1	1
ailaba	1	1
ajana	1	1
anurāga	1	1
anusāra	1	1
anuvāka	1	1
anuyoga	1	1
anuśaya	1	1
apakarṣa	1	1
apakrama	1	1
aruṣa	1	1
arṇa	1	1
arṇas	1	1
asiddhi	1	1
atirikta	1	1
atiśaya	1	1
ava	1	1
avadāna	1	1
avaśeṣa	1	1
aṅkura	1	1
baddhaka	1	1
barhaṇa	1	1
bhallātaka	1	1
bhaḍa	1	1
bhaṭīya	1	1
bhrāja	1	1
bhujaṃgama	1	1
bhīṣaṇa	1	1
bodhya	1	1
brahmī	1	1
bāhula	1	1
bāleya	1	1
bāṣkala	1	1
bṛṃhaṇa	1	1
cakṣuś	1	1
calita	1	1
catuṣka	1	1
cañcū	1	1
caṇḍika	1	1
chaṭā	1	1
ciñcā	1	1
coda	1	1
cumbaka	1	1
cumbana	1	1
cyava	1	1
cāṇḍāla	1	1
cīrī	1	1
cūcuka	1	1
dadhan	1	1
damya	1	1
darśanīya	1	1
darśata	1	1
dattra	1	1
dharmiṣṭha	1	1
dharmya	1	1
dhmā	1	1
dinna	1	1
drāvaṇa	1	1
dura	1	1
dāmana	1	1
dāśaka	1	1
dūṣya	1	1
edha	1	1
eta	1	1
eṣa	1	1
garut	1	1
ghu	1	1
gopikā	1	1
goṇikā	1	1
gurvī	1	1
guñja	1	1
gārhapatya	1	1
gāyatri	1	1
gāṅga	1	1
gī	1	1
gūtha	1	1
gṛdhnu	1	1
haṃsaka	1	1
heṣas	1	1
huḍa	1	1
hṛṣīka	1	1
indhana	1	1
iṣa	1	1
jambhala	1	1
janita	1	1
janmaka	1	1
javā	1	1
jayana	1	1
jaṭila	1	1
jhara	1	1
joṣa	1	1
jñāpaka	1	1
jñātṛ	1	1
jābāla	1	1
jāghanī	1	1
kacchu	1	1
kairava	1	1
kalpana	1	1
kapiñjala	1	1
karbura	1	1
karkoṭaka	1	1
karīṣa	1	1
karūṣa	1	1
kata	1	1
kaulika	1	1
kaśmīra	1	1
kaṅgunī	1	1
kaṇiśa	1	1
kaṇḍūla	1	1
khali	1	1
khalu	1	1
khañjana	1	1
khinna	1	1
khola	1	1
khādita	1	1
khāra	1	1
kleda	1	1
krandana	1	1
kukkura	1	1
kulaka	1	1
kumba	1	1
kumbhaka	1	1
kupita	1	1
kuṣṭa	1	1
kvaṇita	1	1
kākubha	1	1
kārmaṇa	1	1
kārttikī	1	1
kṛtta	1	1
kṛtī	1	1
kṣati	1	1
kṣava	1	1
kṣepaṇa	1	1
kṣu	1	1
kṣubdha	1	1
kṣudraka	1	1
kṣupa	1	1
laiṅga	1	1
lakta	1	1
madgura	1	1
mandāraka	1	1
manīṣā	1	1
maurvī	1	1
mauñja	1	1
mañcaka	1	1
maṇḍalaka	1	1
mrakṣa	1	1
mukulita	1	1
muṣṭī	1	1
mādhvīka	1	1
māghī	1	1
mārakata	1	1
mārdava	1	1
māṃsala	1	1
mūṣī	1	1
mṛdha	1	1
nabhya	1	1
naddha	1	1
nakhara	1	1
nakulī	1	1
nigaḍa	1	1
nikāṇam	1	1
nikūla	1	1
nimbūka	1	1
ninda	1	1
nuta	1	1
nāsya	1	1
nāva	1	1
nīpa	1	1
oka	1	1
oman	1	1
paiṅgya	1	1
paiṭhīnasi	1	1
pakṣmala	1	1
parijana	1	1
parikṣata	1	1
parpaṭa	1	1
paru	1	1
paurava	1	1
pauṣa	1	1
paṭikā	1	1
paṭīra	1	1
peṣaṇī	1	1
pha	1	1
phalguna	1	1
pheru	1	1
phālguna	1	1
pitrya	1	1
piśācaka	1	1
potra	1	1
prahata	1	1
praśiṣya	1	1
preṣṭha	1	1
pudgala	1	1
pulinda	1	1
puraṃdhi	1	1
purīṣya	1	1
pākṣika	1	1
pāmana	1	1
pāraśava	1	1
pāthas	1	1
pāṭalī	1	1
pāṭhya	1	1
pīnasa	1	1
pīvas	1	1
pūlāsa	1	1
rabhas	1	1
rakṣika	1	1
rasikā	1	1
ratni	1	1
raurava	1	1
raṇva	1	1
rebha	1	1
rekṇas	1	1
reta	1	1
rohi	1	1
rola	1	1
rāḍhā	1	1
rāṇāyanīya	1	1
sahana	1	1
sakti	1	1
sambheda	1	1
sammukha	1	1
sammāna	1	1
samprīta	1	1
sampṛkta	1	1
samudga	1	1
samudācāra	1	1
samārabdha	1	1
samāvṛtta	1	1
samāśrita	1	1
sanni	1	1
sauśruta	1	1
saṃdiṣṭa	1	1
saṃdāna	1	1
saṃgharṣa	1	1
saṃgṛhīta	1	1
saṃjaya	1	1
saṃkhyāta	1	1
saṃnaddha	1	1
saṃnihita	1	1
saṃspṛṣṭa	1	1
saṃsrāva	1	1
saṃtrasta	1	1
saṃvega	1	1
saṃveśa	1	1
saṃvigna	1	1
saṃśodhana	1	1
saṃśrita	1	1
sina	1	1
sindhura	1	1
snānīya	1	1
sphūrti	1	1
sthāma	1	1
sthāpita	1	1
suṣi	1	1
svaru	1	1
sādana	1	1
sādṛśya	1	1
sāhasika	1	1
sālokya	1	1
sāmprata	1	1
sāraṅgī	1	1
sātmya	1	1
sūnṛta	1	1
sṛka	1	1
tamāla	1	1
tavas	1	1
tha	1	1
tris	1	1
tuṇḍi	1	1
tuṣita	1	1
tūṇava	1	1
uddhati	1	1
udghāṭita	1	1
unmāda	1	1
upabhoga	1	1
upahata	1	1
upakāraka	1	1
upama	1	1
upapada	1	1
uparodha	1	1
utkarṣa	1	1
utkaṇṭha	1	1
utpāta	1	1
utsedha	1	1
va	1	1
vadhūṭī	1	1
vadānya	1	1
vaicitrya	1	1
vaidarbha	1	1
vaiklavya	1	1
vaipulya	1	1
vairūpya	1	1
vaitālika	1	1
vaiṣamya	1	1
varcaska	1	1
vardhaki	1	1
vareṇya	1	1
varūthinī	1	1
vavri	1	1
vaṅka	1	1
vedhas	1	1
vedhya	1	1
vepana	1	1
vibhāva	1	1
vidāha	1	1
vighana	1	1
vinaśana	1	1
vipramukta	1	1
vipratipanna	1	1
vipruṣ	1	1
vispaṣṭa	1	1
vitasta	1	1
vraścana	1	1
vyapadeśa	1	1
vyatyaya	1	1
vyavadhāna	1	1
vyavasthāpaka	1	1
vyuṣṭa	1	1
vyākośa	1	1
vyāpta	1	1
vyāvahārika	1	1
vyāḍa	1	1
vāgurā	1	1
vārya	1	1
vāstava	1	1
vāstva	1	1
vātaka	1	1
vāyavya	1	1
vāśī	1	1
vāṇijaka	1	1
vṛkta	1	1
vṛntāka	1	1
yaji	1	1
yauna	1	1
yavāsa	1	1
yādas	1	1
yāmuna	1	1
yāt	1	1
ābharaṇa	1	1
ādara	1	1
ādeya	1	1
āla	1	1
āmitra	1	1
āmoda	1	1
āpi	1	1
āruṇi	1	1
ārādhana	1	1
ārādhya	1	1
āsava	1	1
āsaṅga	1	1
āstaraṇa	1	1
āsvādya	1	1
āvaraṇa	1	1
āvṛt	1	1
āśauca	1	1
āḍhaka	1	1
śaiśira	1	1
śamala	1	1
śanna	1	1
śapta	1	1
śarvarī	1	1
śarya	1	1
śayita	1	1
śodha	1	1
śodhanī	1	1
śoṣita	1	1
śraiṣṭhya	1	1
śreṇika	1	1
śrotu	1	1
śrāvaṇikā	1	1
śuṇḍa	1	1
śuṣṇa	1	1
śāda	1	1
śālī	1	1
śāna	1	1
śāradīya	1	1
śāstrīya	1	1
śāṭhya	1	1
śūdraka	1	1
ḍa	1	1
ḍha	1	1
ṭaṅkaṇa	1	1
ṭha	1	1
